
{"code":200,
"message":"ok",
"data":[
	{
		"id":"1",
		"title":"点心",
		"image":"https://timgsa.baidu.com/timg?image&quality=80&size=b9999_10000&sec=1544799000&di=1610b5317bb15dbb6a36e4d57cf4eb3f&imgtype=jpg&er=1&src=http%3A%2F%2Fimgsrc.baidu.com%2Fimgad%2Fpic%2Fitem%2Fc995d143ad4bd1138854651451afa40f4bfb057f.jpg",
		"stock":"23",
		"price":"123",
		"newprice":"99",
		"tip":"自营"
	},{
	  "id":"2",
		"title":"面包牛肉",
		"image":"https://timgsa.baidu.com/timg?image&quality=80&size=b9999_10000&sec=1544204280787&di=64dadf9649f7b6f0f135159cabbe2ae7&imgtype=0&src=http%3A%2F%2Fimgsrc.baidu.com%2Fimgad%2Fpic%2Fitem%2F32fa828ba61ea8d3dd7dc6399c0a304e251f58ab.jpg",
		"stock":"13",
		"price":"111",
		"newprice":"89",
		"tip":"自营"
	},{
	  "id":"3",
		"title":"鸡排面",
		"image":"https://timgsa.baidu.com/timg?image&quality=80&size=b9999_10000&sec=1544204280787&di=cfd84df82c675e88976d5cb83049e30d&imgtype=0&src=http%3A%2F%2Fimgsrc.baidu.com%2Fimgad%2Fpic%2Fitem%2Fe824b899a9014c08cbe37399017b02087bf4f436.jpg",
		"stock":"13",
		"price":"93",
		"newprice":"69",
		"tip":"自营"
	},{
	  "id":"4",
		"title":"自助海鲜",
		"image":"https://timgsa.baidu.com/timg?image&quality=80&size=b9999_10000&sec=1544204280786&di=e2033910f3763e04c9b50a9319e0c227&imgtype=0&src=http%3A%2F%2Fimg.pconline.com.cn%2Fimages%2Fupload%2Fupc%2Ftx%2Fphotoblog%2F1709%2F08%2Fc2%2F58457489_1504833134434_mthumb.jpg",
		"stock":"13",
		"price":"223",
		"newprice":"169",
		"tip":"自营"
	}
]
}