	{
		"code":200,
		"message":"ok",
		"data":[
		{
			"id":"1",
			"title":"点心",
			"image":"https://timgsa.baidu.com/timg?image&quality=80&size=b9999_10000&sec=1544799000&di=1610b5317bb15dbb6a36e4d57cf4eb3f&imgtype=jpg&er=1&src=http%3A%2F%2Fimgsrc.baidu.com%2Fimgad%2Fpic%2Fitem%2Fc995d143ad4bd1138854651451afa40f4bfb057f.jpg",
			"stock":"23",
			"price":"123",
			"oldprice":"99",
			"tip":"自营"
		},{
		  "id":"2",
			"title":"面包牛肉",
			"image":"https://timgsa.baidu.com/timg?image&quality=80&size=b9999_10000&sec=1544204280787&di=64dadf9649f7b6f0f135159cabbe2ae7&imgtype=0&src=http%3A%2F%2Fimgsrc.baidu.com%2Fimgad%2Fpic%2Fitem%2F32fa828ba61ea8d3dd7dc6399c0a304e251f58ab.jpg",
			"stock":"13",
			"price":"111",
			"oldprice":"89",
			"tip":"自营"
		},
			{
		  "id":"3",
			"title":"鸡排面",
			"image":"https://timgsa.baidu.com/timg?image&quality=80&size=b9999_10000&sec=1544204280787&di=cfd84df82c675e88976d5cb83049e30d&imgtype=0&src=http%3A%2F%2Fimgsrc.baidu.com%2Fimgad%2Fpic%2Fitem%2Fe824b899a9014c08cbe37399017b02087bf4f436.jpg",
			"stock":"13",
			"price":"93",
			"oldprice":"69",
			"tip":"自营"
		},{
		  "id":"4",
			"title":"自助海鲜",
			"image":"https://timgsa.baidu.com/timg?image&quality=80&size=b9999_10000&sec=1544204280786&di=e2033910f3763e04c9b50a9319e0c227&imgtype=0&src=http%3A%2F%2Fimg.pconline.com.cn%2Fimages%2Fupload%2Fupc%2Ftx%2Fphotoblog%2F1709%2F08%2Fc2%2F58457489_1504833134434_mthumb.jpg",
			"stock":"13",
			"price":"223",
			"oldprice":"169",
			"tip":"自营"
		},{
		  "id":"5",
			"title":"特质肉片",
			"image":"https://timgsa.baidu.com/timg?image&quality=80&size=b9999_10000&sec=1544204280784&di=ae01f30678d452e5a52cf2ca7a3fa53b&imgtype=0&src=http%3A%2F%2Fimg3.redocn.com%2Ftupian%2F20141122%2Fxiaochaoyangroumeishi_3486181.jpg",
			"stock":"19",
			"price":"93",
			"oldprice":"68",
			"tip":"自营"
		},{
		  "id":"6",
			"title":"韩国寿司",
			"image":"https://timgsa.baidu.com/timg?image&quality=80&size=b9999_10000&sec=1544204280783&di=ba84702a966f569ff4e3f475efc8ee94&imgtype=0&src=http%3A%2F%2Fpic23.nipic.com%2F20120915%2F3127022_100650207192_2.jpg",
			"stock":"133",
			"price":"66",
			"oldprice":"58",
			"tip":"自营"
		},{
		  "id":"7",
			"title":"清淡菜品",
			"image":"https://timgsa.baidu.com/timg?image&quality=80&size=b9999_10000&sec=1544204280783&di=6eb225d480e949548833fe51fb37a4ed&imgtype=0&src=http%3A%2F%2Fimg3.3lian.com%2F2013%2Fv8%2F61%2Fd%2F114.jpg",
			"stock":"13",
			"price":"88",
			"oldprice":"58",
			"tip":"自营"
		},{
		  "id":"8",
			"title":"薄饼菜卷",
			"image":"https://timgsa.baidu.com/timg?image&quality=80&size=b9999_10000&sec=1544204280782&di=ce06a8b027bbffb9c8eef7f3944a2330&imgtype=0&src=http%3A%2F%2Fpic11.photophoto.cn%2F20090519%2F0042040231352212_b.jpg",
			"stock":"13",
			"price":"56",
			"oldprice":"48",
			"tip":"自营"
		},{
		  "id":"9",
			"title":"酱汁鱿鱼",
			"image":"https://timgsa.baidu.com/timg?image&quality=80&size=b9999_10000&sec=1544204280780&di=ee7c103c75035a690eaf59e3c2a7d1b4&imgtype=0&src=http%3A%2F%2Fpic15.nipic.com%2F20110805%2F2235429_002350120145_2.jpg",
			"stock":"23",
			"price":"59",
			"oldprice":"48",
			"tip":"自营"
		},{
		  "id":"10",
			"title":"美味甜点",
			"image":"https://timgsa.baidu.com/timg?image&quality=80&size=b9999_10000&sec=1544204280780&di=9674ecaf2261419872b0a4944ad74fd6&imgtype=0&src=http%3A%2F%2Fscimg.jb51.net%2Fallimg%2F170731%2F106-1FI109261G62.jpg",
			"stock":"13",
			"price":"66",
			"oldprice":"99",
			"tip":"自营"
		},{
		  "id":"11",
			"title":"七彩拌面",
			"image":"https://timgsa.baidu.com/timg?image&quality=80&size=b9999_10000&sec=1544204280696&di=08cc7bcba6c722cf8f63846a472f93c7&imgtype=0&src=http%3A%2F%2Fimgsrc.baidu.com%2Fimgad%2Fpic%2Fitem%2Ffd039245d688d43f1c278dc8761ed21b0ef43b79.jpg",
			"stock":"28",
			"price":"96",
			"oldprice":"78",
			"tip":"自营"
		},{
		  "id":"12",
			"title":"南极鲜虾",
			"image":"https://timgsa.baidu.com/timg?image&quality=80&size=b9999_10000&sec=1544204280691&di=655e46080cb185c45ab6f3d97b972b6a&imgtype=0&src=http%3A%2F%2Fimgsrc.baidu.com%2Fimgad%2Fpic%2Fitem%2Fbf096b63f6246b60e3d2c94ee0f81a4c510fa228.jpg",
			"stock":"30",
			"price":"128",
			"oldprice":"99",
			"tip":"自营"
		}
	]
}