{
	"sn":"11200321322",
	"time":"1566666666",
	"sum":"645",
	"pay":"635",
	"status":"1",
	"shop_id":"1",
	"shopName":"大龙烧烤店",
	"payType":"微信支付",
	"createTime":"1566666666",
	"payTime":"1566666666",
	"connectTime":"1566666666",
	"note":"晚上9点在做",
	"data":{
		"2_1":{
			"note":null,
			"id":"2",
			"title":"大虾",
			"price":"108",
			"number":3,
			"versionName":"大盘"
		},"3_1":{
			"note":"甜味的",
			"id":"3",
			"title":"韩国寿司",
			"price":"36",
			"number":3,
			"versionName":"鱼肉"
			
		},"4_1":{
			"note":"不放糖",
			"id":"4",
			"title":"清淡菜品",
			"price":"58",
			"number":3,
			"versionName":null
		}
	}
	
	}